batch_size,lrate,neurons,objective,elapsed_sec
4,0.01,10,-0.00118026714771986,3463.2889602184296
9,0.0002583656912875326,88,-9.984392090700566e-06,1359.1999955177307
7,0.3989074278754391,104,-0.28033275753259657,5940.997800111771
3,0.10494895800085587,67,-0.04470567442476749,4457.6107041835785
9,0.282259484597873,139,-0.4531367063522339,5015.085889816284
9,0.2687143730804203,19,-0.022829122934490444,7829.758125782013
9,0.4640183127259341,97,-0.2630340874195099,2581.078070163727
3,0.3742349005853525,199,-1.178171956539154,8740.961595773697
7,0.38842335763917857,22,-0.04883818048983812,2521.846153974533
9,0.373753957095675,177,-0.9905133754014969,2883.3285427093506
10,0.5681998659481773,122,-1.1257300972938538,2163.416136741638
9,0.1142239994907861,12,-0.009545652708038688,5619.612766504288
10,0.2723382435873876,47,-0.057361820712685585,2105.2927832603455
2,0.5273414083898277,12,-0.04670008234679699,5906.7118175029755
2,0.7860486745265011,73,-0.6693259954452515,6268.0987231731415
2,0.25978703047746626,153,-0.1586885094642639,6138.727255105972
9,0.5958231410672242,17,-0.06914424747228623,2591.039841890335
7,0.5348850758640296,158,-0.754511034488678,2953.4091000556946
8,0.9141182513040951,80,-0.5305710554122924,2736.8580589294434
7,0.36774387342772524,91,-0.26233160942792894,2839.281792640686
9,0.9908262174332739,105,-1.0667544305324554,7924.437057733536
10,0.37256890274177457,19,-0.026001778431236744,2206.5054602622986
8,0.8380944736876693,50,-0.15698337852954863,2772.9824209213257
6,0.6141371262619167,100,-0.46537322998046876,6316.654238939285
5,0.9192368852460719,105,-0.5856370031833649,3384.120297193527
7,0.6511147105488001,155,-1.327827697992325,5108.603409290314
6,0.034270572614623844,102,-0.009327381197363139,3460.303941965103
6,0.9873514424483194,86,-0.7171022236347199,3422.3914959430695
9,0.7226910742560726,195,-2.621658277511597,3235.4505734443665
2,0.6639158488596668,193,-2.3481693267822266,7485.963992357254
9,0.47980054813209644,91,-0.3428437665104866,2937.3486092090607
10,0.10097409273244237,124,-0.03594784438610077,2447.8026683330536
8,0.720940452191119,66,-0.30966405272483827,2316.5690846443176
7,0.9810109594698017,17,-0.0630800910294056,3069.1764628887177
8,0.42160620089734735,197,-0.9172344446182251,3468.8121433258057
9,0.020039426199175373,192,-0.011907271621748806,1991.2570405006409
4,0.5159493478172162,134,-0.6283300042152404,4402.681936264038
5,0.5328940297663698,90,-0.1934763304889202,6251.228433847427
8,0.050633567817076806,50,-0.009789087995886802,3039.0786411762238
2,0.771606050569153,97,-0.6523894488811492,6815.122709512711
6,0.7021003974148863,58,-0.20134307295084,2766.9852142333984
3,0.38963650974330427,196,-0.16776772812008858,8262.12427330017
7,0.5361245245394034,163,-1.0145474970340729,5059.4209225177765
5,0.525109837828377,97,-0.23805030807852745,3773.488611936569
6,0.4470790203872866,188,-0.8342403769493103,6633.275769710541
7,0.9178853015989243,54,-0.2353283606469631,3378.7595360279083
5,0.7081262960141889,123,-0.6645325571298599,3665.638430595398
9,0.38101413277794277,114,-0.528007087111473,3515.4100291728973
5,0.10974328860075987,23,-0.014412939082831144,3850.4615240097046
7,0.735834803769807,188,-2.336712288856506,3789.887157201767
3,0.5030532524940349,200,-0.9196423888206482,6129.910055398941
2,0.33254732584508334,101,-0.378908583521843,9161.84552693367
5,0.9576958012527944,105,-0.7272584587335587,2953.6184220314026
5,0.33491647407523173,153,-0.19013716280460358,4490.557162284851
2,0.9703722703500831,62,-0.5226092219352723,6785.339283943176
10,0.3503623069313965,132,-0.38147251307964325,3022.926700592041
6,0.6195384135788826,115,-0.7860093235969543,4275.280786991119
7,0.0346104242834273,173,-0.024973385967314243,2583.5122697353363
9,0.8575979028348486,171,-4.74080228805542,4190.611340045929
8,0.39148890635657096,70,-0.2284952849149704,5283.3418872356415
10,0.5552030095324372,135,-0.45049232244491577,3555.456520318985
5,0.02637189202254455,116,-0.011019676690921187,2286.6109590530396
5,0.11566767089312333,193,-0.10269477404654026,4031.445525407791
6,0.5975056261873014,95,-0.35708353519439695,4663.248534679413
4,0.822176752282806,169,-2.7452404499053955,5363.517682313919
9,0.5262560835514507,29,-0.13537623658776282,5279.161916971207
6,0.06190152198162355,185,-0.052481484785676005,6225.552148342133
5,0.608199035153987,86,-0.29616260528564453,4663.428906679153
10,0.038519883153294805,112,-0.00651365309022367,3643.4995675086975
10,0.5752706018589187,175,-1.9632501006126404,3765.3391346931458
2,0.46089388926860764,24,-0.08022817075252534,5626.31075501442
10,0.7301344154169183,152,-1.8849388360977173,3734.0164346694946
2,0.7553690569275597,29,-0.17956713140010833,7352.8318955898285
2,0.823175132925209,132,-1.7581040501594543,5748.856350660324
2,0.3630579434063284,84,-0.24908654987812043,5866.214299440384
3,0.6352442165622144,85,-0.7640637725591659,6899.771749258041
4,0.2185880623705318,140,-0.30148908495903015,5937.8929669857025
10,0.5470593771963302,34,-0.06907125189900398,7037.048151254654
2,0.0976488059541354,64,-0.0368282750248909,5952.89365530014
10,0.11284959500512888,197,-0.07617984712123871,3810.060575246811
8,0.9838058220342255,179,-3.00660662651062,4432.282390594482
4,0.3327542321410379,109,-0.23061725497245789,5240.990170955658
6,0.3919010596806725,74,-0.20587438046932222,4717.208564281464
10,0.5318708726943285,77,-0.2529648542404175,9247.94797706604
4,0.3668026379292406,29,-0.07660220414400101,5279.3756275177
9,0.8345879524288786,159,-1.8647376894950867,5434.30473780632
6,0.17836158681656264,71,-0.046182232350111006,4467.835187911987
6,0.1403316730039545,111,-0.04839514158666134,2873.332406759262
2,0.9862306284164886,63,-0.43365098237991334,5007.786731481552
3,0.3205607877837805,17,-0.03645764179527759,5841.538700342178
10,0.47951854548828743,182,-0.9654708802700043,2115.433298110962
4,0.5526295023959046,174,-0.8541994452476501,6682.8157954216
10,0.5237813865018688,18,-0.04480523057281971,3768.229897260666
10,0.29812223890501116,90,-0.10280223190784454,4672.312603712082
4,0.7277767204859965,132,-1.253918433189392,3505.1928300857544
9,0.28039390634978195,177,-0.42530970722436906,3779.605616569519
9,0.5503261528455763,84,-0.3985680639743805,3368.5052342414856
7,0.6867804413150477,90,-0.2814235523343086,6454.607187986374
9,0.8594145116728183,75,-0.6336936980485917,6470.824797868729
6,0.9423095257502283,28,-0.23683249801397324,4297.4632341861725
10,0.30333425033658384,32,-0.025311044417321682,6006.468916416168
8,0.7950658682917102,79,-0.4554571032524109,2191.5934143066406
5,0.524807542038575,104,-0.6003990173339844,7186.617509365082
9,0.14013984654537248,78,-0.06814925894141197,2185.4517920017242
3,0.25700673509705974,13,-0.018000394385308028,5757.400773525238
8,0.17559295358215715,181,-0.13087992668151854,4226.931291103363
3,0.6663156351439699,68,-0.39847673028707503,5059.684608221054
9,0.1357994728467536,194,-0.15455928891897203,2531.852948665619
3,0.4504571853210821,29,-0.10049648657441139,5796.497916221619
4,0.47765547307232337,62,-0.3257278323173523,6191.0542097091675
8,0.3323650402787745,186,-0.4196718633174896,2435.8409101963043
2,0.6287517563187094,124,-1.5635298013687133,7823.362555027008
8,0.7444170896681213,103,-0.6661179065704346,5167.461202144623
4,0.2532481109692425,100,-0.09579795151948929,4954.057554244995
6,0.8563585708056654,101,-0.705982506275177,4477.274415016174
7,0.6672776411441945,149,-1.2743882954120636,8656.470134735107
2,0.9450576530020519,53,-0.17912306934595107,5685.53827381134
10,0.8903557358653327,199,-2.970130205154419,1925.2770869731903
9,0.8149074134319922,100,-1.6865078926086425,7475.9505779743195
5,0.06499346492754217,84,-0.024287034291774035,9036.639212608337
2,0.8941081546777362,166,-3.1182296514511108,8986.466004133224
10,0.32309725874075423,68,-0.10364674404263496,5866.318493843079
9,0.705076495813812,196,-2.1151073932647706,4172.504102468491
8,0.4803162626060825,157,-0.7358756780624389,2316.7122914791107
3,0.8431594884402859,62,-0.44985116422176363,5831.145055294037
6,0.9754940721940357,189,-4.171642637252807,4759.335431337357
5,0.10039328714579787,123,-0.05661532003432512,3995.3304467201233
10,0.8107994094290776,102,-0.9124197959899902,8043.758582830429
8,0.4585359893724538,50,-0.1193114161491394,2041.3160078525543
10,0.439180703921824,20,-0.02788747102022171,8912.81913638115
7,0.08566990920217019,55,-0.023281175643205643,8401.231640338898
9,0.3779075981705394,91,-0.28812562227249144,3836.3705883026123
10,0.8010714302615546,150,-1.5051649808883667,1305.1547470092773
7,0.6099048951139027,80,-0.3080192133784294,6352.3516545295715
10,0.20756509648899732,188,-0.2803131490945816,1759.1651096343994
2,0.7800455098634765,178,-2.035043203830719,8023.9558634758
3,0.46041493879728246,50,-0.08850768655538559,3856.9346058368683
8,0.562338822461579,21,-0.1028371274471283,3705.927412509918
10,0.6272498880571944,60,-0.16617920249700546,2823.22678899765
7,0.11236214370578132,155,-0.07907601930201054,2071.324141740799
9,0.915261199566835,56,-0.43038749098777773,3740.084153652191
7,0.7675224880395157,189,-2.147419846057892,6491.670871257782
3,0.2148858101521756,168,-0.07975098825991153,8684.372285604477
4,0.6923501705667011,42,-0.1805558443069458,4571.9294645786285
4,0.23963626563748014,55,-0.08645700365304947,7078.874270439148
8,0.885916174947063,68,-0.49725104570388795,1769.2166030406952
10,0.029200381628425975,129,-9.658165254222695e-06,375.0626811981201
3,0.7712368316635548,16,-0.06651477459818125,8003.2679002285
5,0.23729043547161746,12,-0.016963948030024767,2181.48659992218
3,0.14095484469378056,66,-0.0490602033212781,3757.303941965103
7,0.42452713867970043,200,-1.0336651444435119,3278.325394630432
6,0.005232326845556316,145,-8.716941465536365e-06,4771.358973741531
4,0.22577552460253966,151,-0.12428742945194245,7400.115480422974
5,0.4467075556035857,128,-0.16720500588417053,2397.814327955246
5,0.14725260818908387,27,-0.019349940586835146,2191.7662258148193
7,0.8655730705453272,67,-0.38897029757499696,4709.045241117477
7,0.21822338541804348,88,-0.11682751812040806,4678.252818346024
6,0.6803446894613139,26,-0.16852949559688568,4958.523598432541
6,0.2557108340751839,75,-0.1485459953546524,8342.940458059311
10,0.22364119722040496,84,-0.09724883735179901,5610.242387533188
6,0.6184441722807685,74,-0.2952576458454132,5576.847316026688
2,0.7442400190199548,69,-0.41084572672843933,7082.196369171143
2,0.5501367236565073,69,-0.2642249584197998,8049.658569574356
3,0.6509880582687382,29,-0.13456254862248898,6785.643537521362
7,0.6285490284565,25,-0.1295581590384245,4889.577776432037
9,0.9535350559349707,94,-1.199844980239868,9184.422431230545
7,0.5095516410762708,101,-0.5863357722759247,5102.1979422569275
9,0.4445544660473309,144,-0.7929978638887405,5980.378049135208
6,0.8680773103163676,66,-0.4474693715572357,5439.760071992874
4,0.3045528593610135,153,-0.15784526765346527,4974.7042689323425
10,0.4322411645499174,12,-0.021664457395672798,4398.357584953308
4,0.9963511178555609,46,-0.28180277943611143,5354.806916713715
4,0.5123173850388312,19,-0.06927854120731354,6633.52755689621
3,0.8483178649730397,14,-0.07380203418433666,6078.299315690994
6,0.34727467037612736,112,-0.2489551156759262,4774.445497751236
8,0.928878432480387,52,-0.4353857398033142,4162.156494140625
10,0.8579548609195694,22,-0.0860481821000576,4402.797917842865
5,0.021776788451752963,114,-8.183274758266634e-06,661.101603269577
3,0.7499077697770107,73,-0.6604794025421142,4807.901970386505
10,0.8079459954705753,149,-1.6700397729873657,2632.8180129528046
10,0.8079158333757375,42,-0.2203328087925911,2578.2035183906555
10,0.8057891539177042,100,-0.9261727929115295,3053.1161382198334
10,0.8052793098802475,115,-0.7673068344593048,3049.0687091350555
10,0.8023861462436326,38,-0.11538680642843246,3159.376299381256
10,0.8017297278999883,13,-0.028299376368522644,3162.245492219925
10,0.8086486871125117,13,-0.028549802489578724,3173.5819692611694
10,0.8028444038877541,14,-0.038387155160307884,3250.105698108673
10,0.7088472843698991,12,-0.03349772095680237,3238.6235616207123
10,0.7362158745174764,13,-0.025641849264502525,3294.7078483104706
10,0.7467833292093052,10,-0.03138702269643545,3314.829071998596
10,0.9886190646509658,12,-0.04132147505879402,3281.1932859420776
10,0.9496677764686665,14,-0.03908070549368858,3360.2300572395325
10,0.7037294356709182,13,-0.024388755671679974,3338.818293094635
10,0.9411843482743336,15,-0.08561825752258301,3338.9747507572174
10,0.7139197344092868,15,-0.0546561386436224,3378.9638726711273
7,0.8252690033132434,10,-0.043228811025619505,3962.8293159008026
7,0.8195668666947028,12,-0.0429442398250103,3972.0135962963104
9,0.8696269082978102,11,-0.08195620141923428,3959.0679545402527
10,0.7429809146480623,15,-0.05833694338798523,3623.4837861061096
7,0.955157330091644,10,-0.052681441977620126,4065.6337060928345
6,0.7218119207535805,14,-0.057739120349287985,4568.853924036026
6,0.7724573465382281,14,-0.07593949511647224,4645.704010009766
10,0.8020476223525679,34,-0.11834237352013588,3740.244472503662
10,0.6391332043701519,15,-0.04596155881881714,3886.9670972824097
8,0.6072101373133109,14,-0.045217183977365495,4375.944291353226
10,0.8018644410775687,27,-0.10789433866739273,3806.0287823677063
7,0.6133270443679492,14,-0.038546957075595856,4291.379413366318
10,0.6312194004429313,12,-0.03097830619663,3801.954085111618
6,0.597984288496124,13,-0.04253730103373528,4834.493594884872
5,0.6483793388092671,14,-0.05745195224881172,4877.464794158936
10,0.7761774283056946,29,-0.17357917875051498,4007.204086303711
10,0.7872634977690144,33,-0.07798425480723381,3972.11732339859
10,0.8194744635305412,26,-0.04771649092435837,4025.275770187378
10,0.8133842803988973,30,-0.22728902846574783,4053.5203216075897
10,0.8326107265758868,39,-0.12676432356238365,4081.9708037376404
10,0.7543494256601999,16,-0.02638945635408163,4118.060000658035
5,0.6345185180917242,15,-0.07071124389767647,5019.268836259842
10,0.8046378790522566,16,-0.03849058970808983,4136.09014081955
10,0.7289878338024393,29,-0.11262523010373116,4180.572828531265
10,0.808764145555326,34,-0.11717301607131958,4220.604994058609
10,0.8103653557756799,38,-0.08982095494866371,4245.337157249451
9,0.8524598254206002,15,-0.10240359418094158,4702.690895080566
6,0.7381667821268528,16,-0.05937222689390183,5194.100180149078
10,0.8336071897704557,40,-0.160516157746315,4331.813558340073
10,0.7177005083115179,28,-0.13528577238321304,4345.866010427475
6,0.5957747145227423,14,-0.04719274528324604,5350.614794015884
10,0.7948102954514981,40,-0.1478927880525589,4421.8374309539795
8,0.710497507325779,14,-0.05211707428097725,4864.842931509018
10,0.8044477612806268,29,-0.15206565707921982,4432.422072172165
8,0.7225443679787287,11,-0.05304264798760414,4981.977278470993
10,0.8249876465759628,41,-0.12462830916047096,4472.110392093658
10,0.7665528250615645,34,-0.11125479266047478,4472.24088716507
10,0.7922149714638227,38,-0.11595506593585014,4477.397876501083
10,0.8007917005511921,41,-0.11835188046097755,4482.402122735977
9,0.717492936834841,41,-0.11256777569651603,5003.4698832035065
10,0.7970232370860295,39,-0.14856594055891037,4508.688345909119
8,0.5994492972270727,18,-0.06920856535434723,5054.220337867737
8,0.9575974635482808,11,-0.063166281580925,5033.884939908981
8,0.8114598973242813,30,-0.21273208856582643,5015.243115186691
9,0.8168393246309386,35,-0.39087869971990585,5019.41437959671
10,0.6176977211729188,18,-0.0581367164850235,4627.721572160721
8,0.914525285412051,12,-0.050195153802633286,5105.263994216919
7,0.891346608220256,11,-0.06885108761489392,5111.597001314163
10,0.8281771694641864,15,-0.06983044743537903,4660.142403125763
10,0.7780168222794462,41,-0.10367848724126816,4666.885991334915
9,0.8195769672156802,37,-0.13763230815529823,5135.266959428787
7,0.6999736635346352,17,-0.04280794654041529,5200.360457420349
7,0.7330391213756492,38,-0.11436910480260849,5328.420042037964
10,0.6769555408154998,38,-0.08398787304759026,4820.008419513702
10,0.6933554945946809,37,-0.1606283336877823,4844.61473274231
9,0.6637758494522541,20,-0.11476531140506267,5350.776750326157
10,0.8021567236284087,36,-0.18453097343444824,4921.721311092377
8,0.8036350848060949,35,-0.21084628999233246,5394.852831125259
8,0.7985075868644543,40,-0.17725278437137604,5463.1913096904755
7,0.789418139888908,15,-0.07949162870645524,5360.4318742752075
8,0.7915435959400718,41,-0.14531586766242982,5460.161609888077
9,0.8020663130590346,34,-0.1441545270383358,5455.938223361969
10,0.7992919023018306,34,-0.11741119623184204,4978.963067531586
9,0.6380617425333358,11,-0.05462564285844564,5465.372693538666
10,0.8032123039183098,30,-0.18400093168020248,4933.837921857834
9,0.8752006885456393,13,-0.044066041707992554,5431.0391981601715
6,0.5956168800382684,20,-0.06005580574274063,5992.770654678345
10,0.822368869655823,34,-0.12051420658826828,5003.60173034668
7,0.9287368686304238,11,-0.07299807630479335,5474.953509569168
7,0.5951116689677087,19,-0.06896837279200554,5561.284415245056
10,0.6857946997954304,34,-0.1049545668065548,5057.251511096954
10,0.6099042793902645,26,-0.08172499760985374,5040.071270704269
10,0.7168080809815455,20,-0.0843353122472763,5121.094676494598
9,0.6561919443983888,11,-0.057381748035550115,5607.194076538086
7,0.8481794603591513,39,-0.12508153840899466,5664.713179826736
7,0.824178044490913,40,-0.18176311552524566,5626.466242551804
7,0.8014647128890467,38,-0.14273350909352303,5626.594464063644
6,0.7562210061126287,18,-0.12666670680046083,6091.838670492172
10,0.5993966413359911,26,-0.07172824814915657,5197.088804244995
10,0.749670712012737,25,-0.1274978704750538,5187.64888381958
10,0.7633015672873892,26,-0.10182798281311989,5230.511107683182
9,0.7991031994845758,20,-0.14682139009237288,5734.138468503952
9,0.8023485177167801,40,-0.2585158184170723,5788.087475776672
8,0.8152269442228913,38,-0.13649374544620513,5799.626784324646
10,0.80962028780612,35,-0.10931490361690521,5315.069531917572
10,0.7674127328951991,31,-0.2226552590727806,5296.607120752335
10,0.8164642575736607,37,-0.11035131290555,5315.234116315842
9,0.8345772195333501,40,-0.22389305755496025,5870.532897472382
7,0.847115232828318,35,-0.1251409739255905,5779.641976594925
7,0.8420856532380834,28,-0.16835237741470338,5961.953499078751
9,0.8397095629473625,28,-0.21365396603941916,5870.731416940689
7,0.8410336828609581,28,-0.16885067597031594,5909.804829120636
9,0.8463165204656673,30,-0.31974885761737826,5956.220286607742
10,0.8406857825787276,31,-0.21958883851766586,5497.136026144028
6,0.8475164016504839,33,-0.16143680810928346,6440.189165830612
6,0.8472612105431966,32,-0.22260029166936873,6454.756656169891
8,0.8396829131192244,27,-0.14291958510875702,6003.1630392074585
6,0.8468796589163589,20,-0.1552768111228943,6464.382544994354
9,0.8403184341386515,22,-0.15903891250491142,6091.987770080566
10,0.8387380229738615,34,-0.12397967278957367,5561.421669244766
6,0.8405768337163496,37,-0.24966307133436202,6524.159691572189
10,0.844324866818838,38,-0.11503607034683228,5586.986618280411
8,0.8526665731301244,30,-0.284318208694458,6138.8621554374695
9,0.8764145742346264,32,-0.2747387826442719,6138.9951412677765
8,0.8409649198207437,27,-0.14301621913909912,6078.446020364761
6,0.8698993491775658,34,-0.17703203707933426,6659.325089931488
10,0.839724545535867,30,-0.2146916538476944,5723.940657615662
7,0.8730598255878215,34,-0.12374194599688053,6292.51563167572
10,0.8690276108096641,35,-0.1374214142560959,5688.652220726013
7,0.8581876352757745,37,-0.19945152923464776,6222.210434675217
10,0.8454618138529991,29,-0.2017323598265648,5676.926379919052
7,0.840206659074627,25,-0.18777913823723794,6117.196085691452
3,0.8650393886360498,28,-0.23120151683688164,8114.870190143585
6,0.8480073702574613,26,-0.10218365117907524,6751.853027105331
10,0.8579993430449298,30,-0.25114256143569946,5751.8583924770355
4,0.8783203486659471,26,-0.10129790306091309,7165.471650838852
8,0.8684061354477208,29,-0.17963047027587892,6972.34557890892
10,0.8747203651047023,25,-0.1572301834821701,5870.889666080475
6,0.8898457200155531,26,-0.10876045599579812,6870.761520385742
7,0.8483826387750728,25,-0.20534286573529242,6891.202156305313
6,0.8942029554648561,35,-0.2521608456969261,6810.001702785492
10,0.8516875051655275,25,-0.16232851892709732,6148.608473300934
10,0.8502976711129675,24,-0.09621821343898773,5912.147100687027
6,0.8925302146131028,31,-0.22768246978521348,6926.710097551346
6,0.8374464262996197,20,-0.15220561027526855,7181.932741165161
8,0.8619134786641801,20,-0.14797085523605347,6620.3721668720245
8,0.8705750196311164,19,-0.13053031861782075,6575.008873939514
6,0.8683116318173834,20,-0.16215162128210067,7058.753176212311
4,0.865350573588808,17,-0.0928541138768196,7527.90486240387
9,0.8710004972187471,23,-0.08209341913461685,6579.593066215515
10,0.865262854120874,23,-0.07534587383270264,6139.088445901871
5,0.8945988775008705,31,-0.21104968711733818,7110.8407826423645
8,0.8964019730017256,26,-0.0688338577747345,6694.750841140747
9,0.8546935853651436,22,-0.16273644641041757,6644.879704475403
7,0.8373013802709095,22,-0.10637054331600666,6685.901020526886
8,0.8444770726936105,17,-0.061452355980873105,6662.54280090332
9,0.841529557421535,18,-0.11428209245204926,6686.051483154297
9,0.8432905599466204,19,-0.1394033245742321,6664.991404771805
5,0.8341242139320384,27,-0.11627086065709591,7236.528617620468
10,0.8343322866003222,24,-0.09417444840073586,6191.165538549423
7,0.8829092761861012,38,-0.150083464384079,6785.792238473892
7,0.8881493365410619,37,-0.2743369281291962,6740.229119300842
4,0.8875791208789006,18,-0.06637447699904442,7693.203097581863
5,0.8616402914906264,38,-0.1408846154808998,7195.100299835205
10,0.888294815974917,28,-0.18036705255508423,6343.472860813141
10,0.8533250227194181,23,-0.07385517284274101,6346.555876016617
3,0.8961801613873626,25,-0.20523101091384888,8816.691569328308
9,0.8336834628964023,24,-0.12630748972296715,6806.83248090744
8,0.8337784243826094,37,-0.2040238082408905,6810.148471832275
8,0.8790938167072934,38,-0.15285985469818114,6820.69758939743
10,0.8818499332514604,23,-0.07750071212649345,6367.300697803497
10,0.849358038772458,20,-0.10534751787781715,6409.693871974945
9,0.8890974871557729,20,-0.15483009293675423,6906.227955818176
10,0.8956855927375396,25,-0.17371898889541626,6356.716331481934
6,0.8344050063150948,29,-0.18749644458293915,7406.397934436798
3,0.8336693558195234,33,-0.28008593171834945,8877.173076629639
4,0.896660949100198,26,-0.10277463346719742,7919.340578556061
9,0.8617813933647865,20,-0.14725325033068656,6949.415076971054
10,0.898862704545727,29,-0.22582677006721497,6483.245120763779
5,0.8746742542236012,38,-0.14447253942489624,7532.440178155899
3,0.8882360707786179,39,-0.171445569396019,8989.984315395355
7,0.8873905606060141,22,-0.12648132555186747,7000.394069910049
5,0.900016140838787,24,-0.1143514271825552,7472.577488422394
5,0.8988578796286114,26,-0.10231012105941772,7486.173712015152
4,0.8984597700483684,20,-0.11075931936502456,8039.674134254456
9,0.8975427620194996,21,-0.17485632076859475,7055.519719839096
10,0.8483437264627459,17,-0.05029753968119621,6538.56340098381
5,0.8966156768559498,38,-0.16728408262133598,7532.659561395645
10,0.8951922667277641,39,-0.14615560322999954,6623.491134405136
10,0.8618184664122055,20,-0.10689375177025795,6593.998820543289
10,0.8991713366805771,31,-0.2274494469165802,6752.00625038147
10,0.9015486403038944,18,-0.09248954802751541,6702.499208688736
9,0.9021952010567217,18,-0.15825619474053382,7135.110786437988
10,0.8626475908619478,22,-0.08696621283888817,6699.423828601837
10,0.8381224888335624,21,-0.09421834722161293,6762.722355604172
4,0.8366835678679022,26,-0.10311546176671982,8211.643504142761
7,0.8414936186311381,35,-0.13429616615176201,7202.713570594788
10,0.8625126404446485,32,-0.18339519947767258,6748.208984613419
7,0.9024901645606964,21,-0.1546344555914402,7247.240716934204
9,0.8468128689518263,31,-0.2893976166844368,7199.567766904831
9,0.8407886954204555,37,-0.15945299342274666,7280.49733877182
10,0.8573419953683942,37,-0.15348950028419495,6818.2144293785095
8,0.9006835226534406,31,-0.2936942338943481,7291.04105591774
10,0.8769635033399144,34,-0.11986347660422325,6794.178594112396
9,0.8533646936156924,38,-0.16242266744375228,7334.131804466248
5,0.8643258049379532,41,-0.15651341155171394,7844.775854110718
5,0.8566402485739831,43,-0.23721658438444138,7832.944760799408
6,0.874844732899735,44,-0.23252941220998763,7902.780085325241
7,0.8838850931566813,45,-0.22706998586654664,7423.008022785187
8,0.8862336286825898,44,-0.16665602028369902,7377.522321224213
9,0.8580739700984663,38,-0.16359470188617706,7457.688704967499
9,0.8540539228277811,30,-0.3187958002090454,7468.121161699295
10,0.891162401374562,43,-0.1821584850549698,6985.0763194561005
10,0.8591401948392091,39,-0.13489332795143127,6952.4979519844055
6,0.8525262927906033,36,-0.29509429037570956,7876.959032773972
10,0.8602621315947812,29,-0.20875819772481918,6975.502395153046
10,0.8890548030937475,36,-0.13514313846826553,6991.743639707565
10,0.8642739778212437,28,-0.1717667654156685,7255.479604721069
10,0.8826061080723903,27,-0.11062438786029816,7268.027611255646
4,0.8556924310080807,30,-0.26932145953178405,8601.891409635544
5,0.8902628045485195,30,-0.234346192330122,8084.412215709686
9,0.8375959859965988,32,-0.2604049056768417,7548.662510871887
10,0.8803550373571242,26,-0.053317850455641747,7099.002621650696
8,0.8451906687517992,28,-0.20049137473106385,7542.128454208374
10,0.837871577662739,19,-0.10161992534995079,7095.918783187866
6,0.8399075913278106,26,-0.10087400525808335,8133.553391456604
9,0.8479479146370469,24,-0.12586790397763253,7646.678297996521
6,0.8530961634082694,29,-0.17640273571014403,8119.385883808136
8,0.8386892426712697,38,-0.1573156237602234,7636.899547338486
5,0.8406694753337901,28,-0.1791813038289547,8265.393927812576
8,0.8557435946884717,23,-0.0647529847919941,7633.767653226852
7,0.8380777987442702,29,-0.2092800632119179,7742.826584100723
6,0.8339363664427414,31,-0.2365236058831215,8208.361256599426
8,0.8354285880019275,37,-0.20533955097198486,7759.284522533417
10,0.8372082187721316,30,-0.2617070972919464,7327.4649794101715
9,0.8525058685968872,32,-0.3576980695128441,8123.695497751236
6,0.8851559340194116,44,-0.2226422533392906,8540.755765676498
5,0.875493164002633,45,-0.22838912904262543,8366.982678413391
8,0.8683257838439322,44,-0.3927671730518341,8074.5934846401215
7,0.8741708318468367,32,-0.22166825607419013,7784.136950492859
8,0.877519400097984,28,-0.1974157065153122,7802.612956047058
9,0.8659217511083575,29,-0.18367036879062654,7873.483654260635
8,0.8631185060414117,38,-0.16407693028450013,7938.885430812836
6,0.8412288957365611,46,-0.20332785844802856,8454.163892030716
5,0.8428071654143006,47,-0.3344314470887184,8412.550143241882
8,0.8387048388655526,22,-0.12218120098114013,7961.398584842682
7,0.8781487145133988,43,-0.22397161200642585,7994.3352818489075
7,0.8556981614171792,17,-0.06315716095268727,8024.105558156967
8,0.9028704106329054,46,-0.17723861038684846,8088.874957084656
9,0.8543766259091946,30,-0.31817165613174436,7977.860750198364
10,0.9002506428522496,29,-0.2279493808746338,7587.29353260994
9,0.8755042244605677,36,-0.20627980753779412,8064.314129590988
8,0.8805591376918557,31,-0.3302261531352997,8074.715662717819
9,0.8820461825073335,41,-0.23397396877408028,8088.99959731102
10,0.8825716589644127,45,-0.19675476849079132,7738.342670202255
9,0.8818543440586211,30,-0.3401880279183388,8119.52979516983
6,0.8584802726272176,18,-0.11808439642190934,8555.771515369415
7,0.8890689711256213,46,-0.21929082944989203,8214.149010419846
6,0.8446910476166425,30,-0.22178476601839064,8646.006864070892
7,0.8770740640284476,32,-0.2235065408051014,8295.199059009552
10,0.860702599813649,31,-0.2589116543531418,7713.939907073975
5,0.8750685371235426,24,-0.0995261948555708,8826.1128013134
8,0.8770144540280128,28,-0.19868879914283752,8306.731928825378
9,0.8776046478774792,40,-0.2452978052198887,8320.58867764473
5,0.8393416200633698,34,-0.1268448606133461,8830.539285182953
9,0.8741167311036059,30,-0.33485307842493056,8348.8235912323
9,0.8574013294502241,30,-0.32153874188661574,8303.779651880264
6,0.8530958612345244,38,-0.15731501281261445,8774.278955698013
9,0.8467670580618082,45,-0.31238989979028703,8351.969065189362
7,0.8537007613380524,30,-0.268759098649025,8339.760935544968
8,0.8361653432531859,38,-0.15660974085330964,8396.264860868454
9,0.9030234021776931,32,-0.3587858065962791,8427.588860988617
9,0.8986929617292033,44,-0.21703583672642707,8409.329011917114
9,0.8569676883798205,37,-0.1312662221491337,8363.791747808456
9,0.8390675802454749,31,-0.2787389919161797,8412.73328614235
8,0.8531405193164798,31,-0.3130610823631287,8393.095025539398
6,0.8567273211116416,31,-0.25509883612394335,8925.123995065689
8,0.9129071422712544,30,-0.2959588706493378,8398.726701259613
9,0.9068557848233063,39,-0.22048059701919556,8481.059638500214
7,0.8951658327244272,45,-0.3932872250676155,8457.329638004303
8,0.9102433379132194,37,-0.21366484463214874,8457.452933073044
7,0.9167504082254856,46,-0.22886991500854492,9027.295808792114
9,0.9104624900748819,41,-0.24756651297211646,8525.56120467186
9,0.8765108209362797,41,-0.2311544433236122,8593.024816274643
6,0.8755143465950894,26,-0.10659763738512992,9031.939238548279
7,0.8548738874584357,31,-0.3065703123807907,8474.511942386627
10,0.9882875619788702,44,-0.2490166798233986,8039.786150932312
9,0.8598153111565329,33,-0.22455613538622857,8534.387420415878
8,0.8391420086193409,43,-0.3574784517288208,8631.493297338486
7,0.9289743245383852,42,-0.25366986766457555,8551.26929283142
9,0.8955299607710898,33,-0.31550837606191634,8580.526663064957
8,0.8958804847854398,37,-0.20957316756248473,8665.226610898972
9,0.8711537032130954,33,-0.09700283072888852,8596.197897434235
9,0.8506331434068898,33,-0.10975455939769745,8613.832638502121
9,0.9179781553369664,35,-0.18088032752275468,8700.887834310532
8,0.9848027452719016,41,-0.23227476477622985,8668.408559560776
9,0.8949420887204842,30,-0.35142618268728254,8610.220179080963
6,0.992238217365622,45,-0.282431298494339,9254.210485935211
8,0.8383687301507026,32,-0.28385178446769715,8741.123401165009
9,0.8925188432781389,37,-0.1557539515197277,8771.057384252548
8,0.85871457580963,28,-0.2093079447746277,8737.409503936768
8,0.9350581411269269,30,-0.20354526340961457,8751.9733877182
7,0.984502699324072,43,-0.2674019351601601,8785.229821443558
9,0.9817262498409979,47,-0.40890288949012754,8756.481650590897
8,0.988377119117459,37,-0.24479264616966248,8777.030086040497
9,0.8935856771045808,33,-0.313872392475605,8780.860875368118
9,0.9998506277635595,33,-0.2833606868982315,8788.577447891235
7,0.9987239241969827,47,-0.3686936557292938,8819.925202608109
9,0.9965413307049006,45,-0.7571234405040741,8896.056515693665
9,0.8520390652224306,44,-0.17969325855374335,8885.516181468964
8,0.9037812970157583,36,-0.25256019830703735,9009.32166981697
8,0.9263170137803913,31,-0.284767884016037,8981.681242227554
8,0.9117808052118314,30,-0.2917959213256836,9032.099971055984
8,0.8403000097834298,48,-0.2829021096229553,9006.09506201744
9,0.8657412754714615,32,-0.27372831106185913,9156.787865400314
8,0.9134851848156595,35,-0.16174547374248505,9132.475066423416
8,0.9102841781086879,32,-0.32323055267333983,9170.690642595291
8,0.9439847514407906,33,-0.20719185173511506,9181.230442762375
9,0.8543093906299228,43,-0.2639529600739479,9257.181074142456
9,0.8498419358923337,43,-0.3912976384162903,9184.536571264267
8,0.8508262296126519,33,-0.05451093763113022,9273.086061239243
9,0.8994221561176212,37,-0.15725024417042732,9217.42875623703
8,0.8861576146575005,29,-0.18737600445747377,9251.433816432953
